system	k	variant	size_param	proof_bytes	prove_ms	verify_ms	peak_rss_mb	ok
aurora	4	zk=1	constraints=32768	150976	6182	550	416	1
aurora	4	zk=0	constraints=32768	204768	2074	928	158	1
plonky3	4	q=56,log_blowup=2	rows=128	1293237	138	17	19	1
plonky3	4	q=38,log_blowup=3	rows=128	902827	245	14	27	1
plonky3	4	q=28,log_blowup=4	rows=128	684937	468	8	46	1
plonky3	4	q=23,log_blowup=5	rows=128	577272	880	7	85	1
aurora	8	zk=1	constraints=65536	139840	12794	972	794	1
aurora	8	zk=0	constraints=65536	226016	4467	1814	310	1
plonky3	8	q=56,log_blowup=2	rows=256	1332022	302	18	32	1
plonky3	8	q=38,log_blowup=3	rows=256	930552	518	12	49	1
plonky3	8	q=28,log_blowup=4	rows=256	706418	1006	8	88	1
plonky3	8	q=23,log_blowup=5	rows=256	595759	1937	7	167	1
aurora	16	zk=1	constraints=131072	177920	27715	2210	1582	1
aurora	16	zk=0	constraints=131072	249632	9092	3628	614	1
plonky3	16	q=56,log_blowup=2	rows=512	1387911	655	18	55	1
plonky3	16	q=38,log_blowup=3	rows=512	970053	1125	12	95	1
plonky3	16	q=28,log_blowup=4	rows=512	736715	2062	9	176	1
plonky3	16	q=23,log_blowup=5	rows=512	621582	4003	8	338	1
aurora	32	zk=1	constraints=262144	193024	56828	4445	3158	1
aurora	32	zk=0	constraints=262144	274336	18342	7281	1191	1
plonky3	32	q=56,log_blowup=2	rows=1024	1476216	1331	19	108	1
plonky3	32	q=38,log_blowup=3	rows=1024	1031890	2363	13	193	1
plonky3	32	q=28,log_blowup=4	rows=1024	783748	4272	10	363	1
plonky3	32	q=23,log_blowup=5	rows=1024	661341	8383	8	703	1
